step	action	reason	evidence	state
1	Read project rules and skills	Preserve project authority and batch scope	AGENTS, HANDOFF, charter, review standards, check script, project-discovery references	done
2	Run baseline checks	Verify the starting checkout	scripts/check.sh: passed, including pytest and quoted figures	done
3	Create docs/reorganize-project-documents	Keep authorized reorganization separate from existing guard work	git status and branch output	done
4	Separate working rules and session history	Keep methods and dated evidence out of entry points	docs/WORKING_CONVENTIONS.md; docs/history/SESSION_LOG.md	done
5	Inspect PPC at pinned revision	Use the owner-selected reference	01027a84be5d453cbb4e2ea091e4884729918b15; gh api tree and document reads	done
6	Move existing documents and assets to docs	Keep a numbered package with archives separated	DOCUMENT_PATHS.md; charter numbering preserved	done
7	Shorten entry points and create master and decision indexes	Replace copied definitions with ownership and navigation	README, AGENTS, LSC-000, LSC-REG-001	done
8	Update links and figure-check expectations	Keep current references valid without mutable AGENTS counts	Package docstrings, tests, scripts/facts.py	done
9	Verify paths, preserved records, and checks	Prove the reorganization is usable	Actual scripts/check.sh and hook passed; all local links resolve; charter changes are references only	done
10	Review and open PR	Give the owner a concrete result to review	Pending independent review and remote verification	pending
11	Pause and resume at owner request	Let the owner change execution permissions	Goal paused twice, then resumed with full filesystem access	done
12	Verify a staged temporary checkout	Separate Git tracking failures from document defects while source metadata was read-only	/tmp/scada-doc-verification-8meu17cx/scripts/check.sh passed with writable uv cache	done
13	Correct session-log migration provenance	Name the original HANDOFF source rather than an intermediate local path	Working-tree reviewer finding reproduced against git ls-tree HEAD	done
14	Correct date-dependent handoff links and HTML labels	Keep navigation stable across status updates and names consistent	Independent working-tree review; local links and heading targets checked	done
15	Prove hook rejection and restore input	A passing hook alone does not prove enforcement	README 58-name figure rejected, hook exit 1; original bytes restored	done
16	Prepare committed review	Review the exact branch before pushing	All working-tree findings corrected; PR base initially fix/guard-fixed-environment (#53)	in progress
